Number,Filename,Jaccard
1,1469429707-3976000.png,0.554681
2,1469429749-4023000.png,0.650578
3,1469429976-4282600.png,0.6825
,AVERAGE, 0.629253
